--Países
INSERT INTO countries (name) VALUES ('España')

--Ciudades
INSERT INTO cities (name, country_id) VALUES ('Madrid', 1)
INSERT INTO cities (name, country_id) VALUES ('Barcelona', 1)
INSERT INTO cities (name, country_id) VALUES ('Valencia', 1)
INSERT INTO cities (name, country_id) VALUES ('Sevilla', 1)
INSERT INTO cities (name, country_id) VALUES ('Zaragoza', 1)
INSERT INTO cities (name, country_id) VALUES ('Málaga', 1)
INSERT INTO cities (name, country_id) VALUES ('Murcia', 1)
INSERT INTO cities (name, country_id) VALUES ('Palma de Mallorca', 1)
INSERT INTO cities (name, country_id) VALUES ('Las Palmas de Gran Canaria', 1)
INSERT INTO cities (name, country_id) VALUES ('Bilbao', 1)

INSERT INTO cities (name, country_id) VALUES ('Alicante', 1)
INSERT INTO cities (name, country_id) VALUES ('Córdoba', 1)
INSERT INTO cities (name, country_id) VALUES ('Valladolid', 1)
INSERT INTO cities (name, country_id) VALUES ('Vigo', 1)
INSERT INTO cities (name, country_id) VALUES ('Gijón', 1)
INSERT INTO cities (name, country_id) VALUES ('Hospitalet de Llobregat', 1)
INSERT INTO cities (name, country_id) VALUES ('Vitoria', 1)
INSERT INTO cities (name, country_id) VALUES ('A Coruña', 1)
INSERT INTO cities (name, country_id) VALUES ('Elche', 1)
INSERT INTO cities (name, country_id) VALUES ('Granada', 1)

INSERT INTO cities (name, country_id) VALUES ('Terrassa', 1)
INSERT INTO cities (name, country_id) VALUES ('Badalona', 1)
INSERT INTO cities (name, country_id) VALUES ('Oviedo', 1)
INSERT INTO cities (name, country_id) VALUES ('Cartagena', 1)
INSERT INTO cities (name, country_id) VALUES ('Sabadell', 1)
INSERT INTO cities (name, country_id) VALUES ('Jerez de la Frontera', 1)
INSERT INTO cities (name, country_id) VALUES ('Móstoles', 1)
INSERT INTO cities (name, country_id) VALUES ('Santa Cruz de Tenerife', 1)
INSERT INTO cities (name, country_id) VALUES ('Pamplona', 1)
INSERT INTO cities (name, country_id) VALUES ('Almería', 1)

INSERT INTO cities (name, country_id) VALUES ('Alcalá de Henares', 1)
INSERT INTO cities (name, country_id) VALUES ('Fuenlabrada', 1)
INSERT INTO cities (name, country_id) VALUES ('San Sebastián', 1)
INSERT INTO cities (name, country_id) VALUES ('Leganés', 1)
INSERT INTO cities (name, country_id) VALUES ('Getafe', 1)
INSERT INTO cities (name, country_id) VALUES ('Burgos', 1)
INSERT INTO cities (name, country_id) VALUES ('Albacete', 1)
INSERT INTO cities (name, country_id) VALUES ('Castellón de la Plana', 1)
INSERT INTO cities (name, country_id) VALUES ('Santander', 1)
INSERT INTO cities (name, country_id) VALUES ('Alcorcón', 1)

INSERT INTO cities (name, country_id) VALUES ('San Cristóbal de la Laguna', 1)
INSERT INTO cities (name, country_id) VALUES ('Logroño', 1)
INSERT INTO cities (name, country_id) VALUES ('Badajoz', 1)
INSERT INTO cities (name, country_id) VALUES ('Marbella', 1)
INSERT INTO cities (name, country_id) VALUES ('Salamanca', 1)
INSERT INTO cities (name, country_id) VALUES ('Huelva', 1)
INSERT INTO cities (name, country_id) VALUES ('Lleida', 1)
INSERT INTO cities (name, country_id) VALUES ('Dos Hermanas', 1)
INSERT INTO cities (name, country_id) VALUES ('Tarragona', 1)
INSERT INTO cities (name, country_id) VALUES ('Torrejón de Ardoz', 1)

INSERT INTO cities (name, country_id) VALUES ('Parla', 1)
INSERT INTO cities (name, country_id) VALUES ('Mataró', 1)
INSERT INTO cities (name, country_id) VALUES ('Algeciras', 1)
INSERT INTO cities (name, country_id) VALUES ('León', 1)
INSERT INTO cities (name, country_id) VALUES ('Santa Coloma de Gramenet', 1)
INSERT INTO cities (name, country_id) VALUES ('Alcobendas', 1)
INSERT INTO cities (name, country_id) VALUES ('Cádiz', 1)
INSERT INTO cities (name, country_id) VALUES ('Jaén', 1)
INSERT INTO cities (name, country_id) VALUES ('Reus', 1)
INSERT INTO cities (name, country_id) VALUES ('Ourense', 1)

INSERT INTO cities (name, country_id) VALUES ('Telde', 1)
INSERT INTO cities (name, country_id) VALUES ('Girona', 1)
INSERT INTO cities (name, country_id) VALUES ('Barakaldo', 1)
INSERT INTO cities (name, country_id) VALUES ('Roquetas de Mar', 1)
INSERT INTO cities (name, country_id) VALUES ('Santiago de Compostela', 1)
INSERT INTO cities (name, country_id) VALUES ('Lugo', 1)
INSERT INTO cities (name, country_id) VALUES ('Lorca', 1)
INSERT INTO cities (name, country_id) VALUES ('Cáceres', 1)
INSERT INTO cities (name, country_id) VALUES ('San Fernando', 1)
INSERT INTO cities (name, country_id) VALUES ('Las Rozas de Madrid', 1)

INSERT INTO cities (name, country_id) VALUES ('Sant Cugat del Vallès', 1)
INSERT INTO cities (name, country_id) VALUES ('Rivas-Vaciamadrid', 1)
INSERT INTO cities (name, country_id) VALUES ('San Sebastián de los Reyes', 1)
INSERT INTO cities (name, country_id) VALUES ('Cornellà de Llobregat', 1)
INSERT INTO cities (name, country_id) VALUES ('El Puerto de Santa María', 1)
INSERT INTO cities (name, country_id) VALUES ('Pozuelo de Alarcón', 1)
INSERT INTO cities (name, country_id) VALUES ('Guadalajara', 1)
INSERT INTO cities (name, country_id) VALUES ('Mijas', 1)
INSERT INTO cities (name, country_id) VALUES ('Chiclana de la Frontera', 1)
INSERT INTO cities (name, country_id) VALUES ('Melilla', 1)

INSERT INTO cities (name, country_id) VALUES ('Toledo', 1)
INSERT INTO cities (name, country_id) VALUES ('Torrente', 1)
INSERT INTO cities (name, country_id) VALUES ('El Ejido', 1)
INSERT INTO cities (name, country_id) VALUES ('Sant Boi de Llobregat', 1)
INSERT INTO cities (name, country_id) VALUES ('Ceuta', 1)
INSERT INTO cities (name, country_id) VALUES ('Talavera de la Reina', 1)
INSERT INTO cities (name, country_id) VALUES ('Pontevedra', 1)
INSERT INTO cities (name, country_id) VALUES ('Vélez-Málaga', 1)
INSERT INTO cities (name, country_id) VALUES ('Torrevieja', 1)
INSERT INTO cities (name, country_id) VALUES ('Fuengirola', 1)

INSERT INTO cities (name, country_id) VALUES ('Arona', 1)
INSERT INTO cities (name, country_id) VALUES ('Coslada', 1)
INSERT INTO cities (name, country_id) VALUES ('Orihuela', 1)
INSERT INTO cities (name, country_id) VALUES ('Rubí', 1)
INSERT INTO cities (name, country_id) VALUES ('Manresa', 1)
INSERT INTO cities (name, country_id) VALUES ('Valdemoro', 1)
INSERT INTO cities (name, country_id) VALUES ('Getxo', 1)
INSERT INTO cities (name, country_id) VALUES ('Palencia', 1)
INSERT INTO cities (name, country_id) VALUES ('Avilés', 1)
INSERT INTO cities (name, country_id) VALUES ('Gandía', 1)

--Usuarios
INSERT INTO users (full_name, user_name, email, password) VALUES ('user1 LastName1', 'user1', 'user1@example.com', '$2a$10$5Tb69TAsbNtD0GUbeaWn7eJOMYsFfylumUsnu.R5zA9Jh7.hSVubC'); --12345
INSERT INTO users (full_name, user_name, email, password) VALUES ('FirstName2 LastName2', 'user2', 'user2@example.com', '$2a$10$WzzQkbuSZTnUvLqhVpk1Cug7P/Tpr16tyNgH3/qtM6.WCjtwI/mUK'); --user5
INSERT INTO users (full_name, user_name, email, password) VALUES ('FirstName3 LastName3', 'user3', 'user3@example.com', '$2a$10$2H2Gnl5YuLBpYhcSlDvZIexAI6GUJqFzW3Tn4enJhoA5Typ2zQjF6'); --abcde

--Etiquetas
INSERT INTO tags (name) VALUES ('html-css');
INSERT INTO tags (name) VALUES ('bootstrap');
INSERT INTO tags (name) VALUES ('tailwind');
INSERT INTO tags (name) VALUES ('javascript');
INSERT INTO tags (name) VALUES ('angular');
INSERT INTO tags (name) VALUES ('react');
INSERT INTO tags (name) VALUES ('vue');
INSERT INTO tags (name) VALUES ('node');
INSERT INTO tags (name) VALUES ('java');
INSERT INTO tags (name) VALUES ('springboot');

INSERT INTO tags (name) VALUES ('php');
INSERT INTO tags (name) VALUES ('symfony');
INSERT INTO tags (name) VALUES ('laravel');
INSERT INTO tags (name) VALUES ('drupal');
INSERT INTO tags (name) VALUES ('wordpress');
INSERT INTO tags (name) VALUES ('magento');
INSERT INTO tags (name) VALUES ('python');
INSERT INTO tags (name) VALUES ('django');
INSERT INTO tags (name) VALUES ('flask');
INSERT INTO tags (name) VALUES ('fastapi');

INSERT INTO tags (name) VALUES ('c#');
INSERT INTO tags (name) VALUES ('.net');
INSERT INTO tags (name) VALUES ('unity3d');
INSERT INTO tags (name) VALUES ('kotlin');
INSERT INTO tags (name) VALUES ('android');
INSERT INTO tags (name) VALUES ('swift');
INSERT INTO tags (name) VALUES ('ios');
INSERT INTO tags (name) VALUES ('go');
INSERT INTO tags (name) VALUES ('gin');

INSERT INTO tags (name) VALUES ('gorilla');
INSERT INTO tags (name) VALUES ('scala');
INSERT INTO tags (name) VALUES ('spark');
INSERT INTO tags (name) VALUES ('dart');
INSERT INTO tags (name) VALUES ('flutter');
INSERT INTO tags (name) VALUES ('git');
INSERT INTO tags (name) VALUES ('docker');
INSERT INTO tags (name) VALUES ('kubernetes');


--Alumnos
INSERT INTO students (full_name, phone_number, email, country, city, modality, mobility, resumee_url, photo_url, user_id) VALUES ('Álvaro Sánchez Monteagudo', '+34 657 85 25 46', 'smonteagudo@gmail.com', 'España', 'Madrid', true, true, '','', 1)
INSERT INTO students (full_name, phone_number, email, country, city, modality, mobility, resumee_url, photo_url, user_id) VALUES ('Amparo Herrera Climent', '+34 689 25 48 65', 'hcliment@gmail.com', 'España', 'Sevilla', true, false, '','', 1)
INSERT INTO students (full_name, phone_number, email, country, city, modality, mobility, resumee_url, photo_url, user_id) VALUES ('Ana Gutierrez Lozano', '+34 925 65 87 65', 'glozano@gmail.com', 'España', 'Valencia', false, true, '','', 2)
INSERT INTO students (full_name, phone_number, email, country, city, modality, mobility, resumee_url, photo_url, user_id) VALUES ('Antonio Miguel Lacunza', '+34 658 95 24 56', 'mlacunza@gmail.com', 'España', 'Madrid', true, false, '','', 3)
INSERT INTO students (full_name, phone_number, email, country, city, modality, mobility, resumee_url, photo_url, user_id) VALUES ('Antonio Delgado Jimeno', '+34 925 65 54 25', 'djimeno@gmail.com', 'España', 'Gijón', false, false, '','', 1)
INSERT INTO students (full_name, phone_number, email, country, city, modality, mobility, resumee_url, photo_url, user_id) VALUES ('Belén Jerez Rivera', '+34 697 82 95 24', 'jrivera@gmail.com', 'España', 'Barcelona', false, true, '','', 3)
INSERT INTO students (full_name, phone_number, email, country, city, modality, mobility, resumee_url, photo_url, user_id) VALUES ('Carla Barroso Soriano', '+34 958 65 41 54', 'bsoriano@gmail.com', 'España', 'Valencia', true, true, '','', 2)
INSERT INTO students (full_name, phone_number, email, country, city, modality, mobility, resumee_url, photo_url, user_id) VALUES ('Carlos Yuste Guerrero', '+34 697 82 95 65', 'yguerrero@gmail.com', 'España', 'Oviedo', false, true, '','', 2)
INSERT INTO students (full_name, phone_number, email, country, city, modality, mobility, resumee_url, photo_url, user_id) VALUES ('Carmina Pérez López', '+34 695 84 62 54', 'plopez@gmail.com', 'España', 'Lugo', false, true, '','', 2)
INSERT INTO students (full_name, phone_number, email, country, city, modality, mobility, resumee_url, photo_url, user_id) VALUES ('Joaquín López Manso', '+34 611 69 56 78', 'lmanso@gmail.com', 'España', 'Madrid', false, true, '','', 1)

INSERT INTO students (full_name, phone_number, email, country, city, modality, mobility, resumee_url, photo_url, user_id) VALUES ('José Alberto López Martínez', '+34 604 90 46 14', 'lmartinez@gmail.com', 'España', 'Barcelona', true, false, '','', 2)
INSERT INTO students (full_name, phone_number, email, country, city, modality, mobility, resumee_url, photo_url, user_id) VALUES ('Jéssica María Sánchez Montoya', '+34 683 69 51 23 ', 'smontoya@gmail.com', 'España', 'Málaga', false, false, '','', 3)
INSERT INTO students (full_name, phone_number, email, country, city, modality, mobility, resumee_url, photo_url, user_id) VALUES ('Javier López Sánchez', '+34 657 17 65 24', 'lsanchez@gmail.com', 'España', 'Jaén', true, false, '','', 1)
INSERT INTO students (full_name, phone_number, email, country, city, modality, mobility, resumee_url, photo_url, user_id) VALUES ('Sergio Arroyo Lozano', '+34 685 87 65 18', 'alozano@gmail.com', 'España', 'Valencia', true, false, '', '', 2)
INSERT INTO students (full_name, phone_number, email, country, city, modality, mobility, resumee_url, photo_url, user_id) VALUES ('Antonio Moreno López', '+34 658 95 24 56', 'mlopez@gmail.com', 'España', 'Madrid', false, false, '','', 3)
INSERT INTO students (full_name, phone_number, email, country, city, modality, mobility, resumee_url, photo_url, user_id) VALUES ('Susana Jiménez Novoa', '+34 625 65 52 55', 'jnovoa@gmail.com', 'España', 'Ourense', false, false, '','', 1)
INSERT INTO students (full_name, phone_number, email, country, city, modality, mobility, resumee_url, photo_url, user_id) VALUES ('José Rivera Soto', '+34 691 83 55 47', 'rsoto@gmail.com', 'España', 'Barcelona', true, true, '','', 3)
INSERT INTO students (full_name, phone_number, email, country, city, modality, mobility, resumee_url, photo_url, user_id) VALUES ('Carlos Barroso Solano', '+34 658 16 13 44', 'bsolano@gmail.com', 'España', 'Badajoz', true, true, '','', 2)
INSERT INTO students (full_name, phone_number, email, country, city, modality, mobility, resumee_url, photo_url, user_id) VALUES ('Soledad Pérez Gómez', '+34 692 23 55 76', 'pgomez@gmail.com', 'España', 'Murcia', false, true, '','', 2)
INSERT INTO students (full_name, phone_number, email, country, city, modality, mobility, resumee_url, photo_url, user_id) VALUES ('Antonio Gómez Santiago', '+34 611 31 25 65', 'gsantiago@gmail.com', 'España', 'Cartagena', false, true, '','', 2)

--Alumnos-Etiquetas
INSERT INTO students_tags (student_id, tag_id) VALUES (1, 1)
INSERT INTO students_tags (student_id, tag_id) VALUES (1, 4)
INSERT INTO students_tags (student_id, tag_id) VALUES (1, 5)
INSERT INTO students_tags (student_id, tag_id) VALUES (1, 6)
INSERT INTO students_tags (student_id, tag_id) VALUES (1, 8)
INSERT INTO students_tags (student_id, tag_id) VALUES (1, 19)

INSERT INTO students_tags (student_id, tag_id) VALUES (2, 1)
INSERT INTO students_tags (student_id, tag_id) VALUES (2, 4)
INSERT INTO students_tags (student_id, tag_id) VALUES (2, 5)
INSERT INTO students_tags (student_id, tag_id) VALUES (2, 6)

INSERT INTO students_tags (student_id, tag_id) VALUES (3, 1)
INSERT INTO students_tags (student_id, tag_id) VALUES (3, 4)
INSERT INTO students_tags (student_id, tag_id) VALUES (3, 5)
INSERT INTO students_tags (student_id, tag_id) VALUES (3, 6)

INSERT INTO students_tags (student_id, tag_id) VALUES (4, 1)
INSERT INTO students_tags (student_id, tag_id) VALUES (4, 4)
INSERT INTO students_tags (student_id, tag_id) VALUES (4, 5)
INSERT INTO students_tags (student_id, tag_id) VALUES (4, 6)
INSERT INTO students_tags (student_id, tag_id) VALUES (4, 8)

INSERT INTO students_tags (student_id, tag_id) VALUES (5, 1)

INSERT INTO students_tags (student_id, tag_id) VALUES (6, 1)
INSERT INTO students_tags (student_id, tag_id) VALUES (6, 4)
INSERT INTO students_tags (student_id, tag_id) VALUES (6, 5)
INSERT INTO students_tags (student_id, tag_id) VALUES (6, 6)
INSERT INTO students_tags (student_id, tag_id) VALUES (6, 8)
INSERT INTO students_tags (student_id, tag_id) VALUES (6, 19)

INSERT INTO students_tags (student_id, tag_id) VALUES (7, 1)
INSERT INTO students_tags (student_id, tag_id) VALUES (7, 4)
INSERT INTO students_tags (student_id, tag_id) VALUES (7, 6)
INSERT INTO students_tags (student_id, tag_id) VALUES (7, 7)
INSERT INTO students_tags (student_id, tag_id) VALUES (7, 11)
INSERT INTO students_tags (student_id, tag_id) VALUES (7, 13)

INSERT INTO students_tags (student_id, tag_id) VALUES (8, 1)
INSERT INTO students_tags (student_id, tag_id) VALUES (8, 4)
INSERT INTO students_tags (student_id, tag_id) VALUES (8, 5)
INSERT INTO students_tags (student_id, tag_id) VALUES (8, 6)
INSERT INTO students_tags (student_id, tag_id) VALUES (8, 9)
INSERT INTO students_tags (student_id, tag_id) VALUES (8, 10)
INSERT INTO students_tags (student_id, tag_id) VALUES (8, 19)
INSERT INTO students_tags (student_id, tag_id) VALUES (8, 23)
INSERT INTO students_tags (student_id, tag_id) VALUES (8, 24)
INSERT INTO students_tags (student_id, tag_id) VALUES (8, 35)

INSERT INTO students_tags (student_id, tag_id) VALUES (9, 1)
INSERT INTO students_tags (student_id, tag_id) VALUES (9, 2)


INSERT INTO students_tags (student_id, tag_id) VALUES (10, 1)
INSERT INTO students_tags (student_id, tag_id) VALUES (10, 4)

INSERT INTO students_tags (student_id, tag_id) VALUES (11, 1)
INSERT INTO students_tags (student_id, tag_id) VALUES (11, 4)
INSERT INTO students_tags (student_id, tag_id) VALUES (11, 6)
INSERT INTO students_tags (student_id, tag_id) VALUES (11, 9)
INSERT INTO students_tags (student_id, tag_id) VALUES (11, 10)

INSERT INTO students_tags (student_id, tag_id) VALUES (12, 1)
INSERT INTO students_tags (student_id, tag_id) VALUES (12, 4)
INSERT INTO students_tags (student_id, tag_id) VALUES (12, 9)
INSERT INTO students_tags (student_id, tag_id) VALUES (12, 10)

INSERT INTO students_tags (student_id, tag_id) VALUES (13, 1)
INSERT INTO students_tags (student_id, tag_id) VALUES (13, 4)
INSERT INTO students_tags (student_id, tag_id) VALUES (13, 9)
INSERT INTO students_tags (student_id, tag_id) VALUES (13, 10)
INSERT INTO students_tags (student_id, tag_id) VALUES (13, 12)
INSERT INTO students_tags (student_id, tag_id) VALUES (13, 16)

INSERT INTO students_tags (student_id, tag_id) VALUES (14, 1)
INSERT INTO students_tags (student_id, tag_id) VALUES (14, 2)
INSERT INTO students_tags (student_id, tag_id) VALUES (14, 3)
INSERT INTO students_tags (student_id, tag_id) VALUES (14, 4)
INSERT INTO students_tags (student_id, tag_id) VALUES (14, 5)
INSERT INTO students_tags (student_id, tag_id) VALUES (14, 6)
INSERT INTO students_tags (student_id, tag_id) VALUES (14, 7)

INSERT INTO students_tags (student_id, tag_id) VALUES (15, 1)
INSERT INTO students_tags (student_id, tag_id) VALUES (15, 3)
INSERT INTO students_tags (student_id, tag_id) VALUES (15, 4)
INSERT INTO students_tags (student_id, tag_id) VALUES (15, 5)
INSERT INTO students_tags (student_id, tag_id) VALUES (15, 6)
INSERT INTO students_tags (student_id, tag_id) VALUES (15, 19)
INSERT INTO students_tags (student_id, tag_id) VALUES (15, 20)

INSERT INTO students_tags (student_id, tag_id) VALUES (16, 1)
INSERT INTO students_tags (student_id, tag_id) VALUES (16, 4)
INSERT INTO students_tags (student_id, tag_id) VALUES (16, 8)
INSERT INTO students_tags (student_id, tag_id) VALUES (16, 12)
INSERT INTO students_tags (student_id, tag_id) VALUES (16, 20)
INSERT INTO students_tags (student_id, tag_id) VALUES (16, 28)

INSERT INTO students_tags (student_id, tag_id) VALUES (17, 1)
INSERT INTO students_tags (student_id, tag_id) VALUES (17, 4)
INSERT INTO students_tags (student_id, tag_id) VALUES (17, 6)

INSERT INTO students_tags (student_id, tag_id) VALUES (18, 1)
INSERT INTO students_tags (student_id, tag_id) VALUES (18, 5)

INSERT INTO students_tags (student_id, tag_id) VALUES (19, 1)
INSERT INTO students_tags (student_id, tag_id) VALUES (19, 4)
INSERT INTO students_tags (student_id, tag_id) VALUES (19, 6)
INSERT INTO students_tags (student_id, tag_id) VALUES (19, 12)
INSERT INTO students_tags (student_id, tag_id) VALUES (19, 13)
INSERT INTO students_tags (student_id, tag_id) VALUES (19, 17)
INSERT INTO students_tags (student_id, tag_id) VALUES (19, 18)
INSERT INTO students_tags (student_id, tag_id) VALUES (19, 19)
INSERT INTO students_tags (student_id, tag_id) VALUES (19, 20)
INSERT INTO students_tags (student_id, tag_id) VALUES (19, 22)
INSERT INTO students_tags (student_id, tag_id) VALUES (19, 28)

INSERT INTO students_tags (student_id, tag_id) VALUES (20, 1)
INSERT INTO students_tags (student_id, tag_id) VALUES (20, 4)
INSERT INTO students_tags (student_id, tag_id) VALUES (20, 8)

